id,CrimeDate,CrimeTime,CrimeCode,Location,Description,Inside/Outside,Weapon,Post,District,Neighborhood,Longitude,Latitude,Location 1,Premise,vri_name1,Total Incidents
0,2020-11-13,08:03:39,1A,1600 W NORTH AV,HOMICIDE,Outside,FIREARM,733.0,WESTERN,PENN NORTH,-76.643428566377,39.310090997913,,STREET,Western,1
1,2020-11-12,05:34:45,1A,1800 PENNSYLVANIA AV,HOMICIDE,Outside,FIREARM,123.0,CENTRAL,UPTON,-76.635686123744,39.304297913558,,STREET,,1
2,2020-11-11,03:21:00,1A,4400 PLAINFIELD AV,HOMICIDE,Outside,FIREARM,442.0,NORTHEAST,FRANKFORD,-76.555858977054,39.325888256213,,STREET,,1
3,2020-11-09,12:49:00,1A,1100 BONAPARTE AV,HOMICIDE,Outside,FIREARM,312.0,EASTERN,EAST BALTIMORE MIDWAY,-76.600648066765,39.315888686647,,STREET,Eastern 1,1
4,2020-11-09,18:49:00,1K,200 BALLOU CT,HOMICIDE,Inside,KNIFE,211.0,SOUTHEAST,PERKINS HOMES,-76.597379589313,39.288545955375,,DWELLING,,1
5,2020-11-08,16:47:00,1O,2600 E MONUMENT ST,HOMICIDE,Inside,OTHER,333.0,EASTERN,MCELDERRY PARK,-76.580415138148,39.298849004035,,DWELLING,Eastern 2,1
6,2020-11-07,04:31:00,1A,2400 CARROLL ST,HOMICIDE,Outside,FIREARM,831.0,SOUTHWEST,MORRELL PARK,-76.649590719227,39.267338002867,,STREET,,1
7,2020-11-07,14:50:00,1A,1800 ORLEANS ST,HOMICIDE,Outside,FIREARM,321.0,EASTERN,DUNBAR-BROADWAY,-76.59131630689,39.295328658036,,HOSPITAL,,1
8,2020-11-06,12:55:39,1O,1800 E LAFAYETTE AV,HOMICIDE,Inside,OTHER,331.0,EASTERN,BROADWAY EAST,-76.592771528632,39.310821440912,,VACANT DWELLING,Eastern 1,1
9,2020-11-04,19:20:00,1K,2800 WOODBROOK AV,HOMICIDE,Outside,KNIFE,732.0,WESTERN,PARKVIEW/WOODBROOK,-76.645667542898,39.313880331339,,PUBLIC AREA,Western,1
10,2020-11-03,18:30:00,1A,1800 AIKEN ST,HOMICIDE,Outside,FIREARM,314.0,EASTERN,OLIVER,-76.601011974982,39.310476209191,,STREET,Eastern 1,1
11,2020-11-03,18:30:00,1A,1800 AIKEN ST,HOMICIDE,Outside,FIREARM,314.0,EASTERN,OLIVER,-76.601011974982,39.310476209191,,STREET,Eastern 1,1
12,2020-11-03,23:47:00,1A,300 S BENTALOU ST,HOMICIDE,Outside,FIREARM,834.0,SOUTHWEST,MILLHILL,-76.652709622813,39.283965181879,,STREET,Tri-District,1
13,2020-10-31,00:46:00,1A,6900 REISTERSTOWN RD,HOMICIDE,Outside,FIREARM,631.0,NORTHWEST,FALLSTAFF,-76.709189590536,39.36146778256,,PUBLIC AREA,,1
14,2020-10-29,14:20:00,1A,700 E CHASE ST,HOMICIDE,Outside,FIREARM,313.0,EASTERN,JOHNSTON SQUARE,-76.607559666204,39.302788253368,,STREET,,1
15,2020-10-28,14:50:00,1A,2800 PARKWOOD AV,HOMICIDE,Inside,FIREARM,732.0,WESTERN,PARKVIEW/WOODBROOK,-76.646272910795,39.315458040762,,DWELLING,Western,1
16,2020-10-27,13:08:32,1A,1400 W NORTH AV,HOMICIDE,Outside,FIREARM,733.0,WESTERN,PENN NORTH,-76.641219526367,39.310189470932,,STREET,Western,1
17,2020-10-27,23:00:00,1A,1500 HARFORD AV,HOMICIDE,Outside,FIREARM,314.0,EASTERN,OLIVER,-76.600774182156,39.307298538642,,PUBLIC AREA,Eastern 1,1
18,2020-10-26,11:33:00,1A,1800 BLOOMINGDALE RD,HOMICIDE,Outside,FIREARM,813.0,SOUTHWEST,ROSEMONT,-76.669733449522,39.307955684091,,STREET,,1
19,2020-10-26,15:07:00,1A,1400 MOSHER ST,HOMICIDE,Outside,FIREARM,724.0,WESTERN,SANDTOWN-WINCHESTER,-76.64026508871,39.300145950277,,STREET,Central,1
20,2020-10-25,15:12:00,1A,3600 W ROGERS AV,HOMICIDE,Outside,FIREARM,633.0,NORTHWEST,ARLINGTON,-76.683555541896,39.351521520834,,STREET,,1
21,2020-10-24,13:33:00,1A,1800 EAGLE ST,HOMICIDE,Inside,FIREARM,934.0,SOUTHERN,CARROLLTON RIDGE,-76.645405835899,39.281118268015,,DWELLING,,1
22,2020-10-24,21:51:00,1A,2900 OAKLEY AV,HOMICIDE,Outside,FIREARM,614.0,NORTHWEST,CENTRAL PARK HEIGHTS,-76.668984326795,39.348778826795,,PUBLIC AREA,,1
23,2020-10-23,23:23:00,1A,500 SHERIDAN AV,HOMICIDE,Outside,FIREARM,523.0,NORTHERN,WOODBOURNE-MCCABE,-76.609789133386,39.354731655245,,STREET,,1
24,2020-10-23,21:35:00,1A,10 CHERRY HILL RD,HOMICIDE,Outside,FIREARM,911.0,SOUTHERN,CURTIS BAY,-76.588258754427,39.223816472041,,STREET,,1
25,2020-10-22,01:54:00,1A,1400 KENHILL AV,HOMICIDE,Outside,FIREARM,332.0,EASTERN,BEREA,-76.577670717907,39.307141516787,,VEHICLE,,1
26,2020-10-21,01:32:00,1A,900 POPLAR GROVE ST,HOMICIDE,Outside,FIREARM,814.0,SOUTHWEST,FRANKLINTOWN ROAD,-76.665178456495,39.298086742887,,STREET,,1
27,2020-10-18,00:05:00,1A,1000 HORNERS LA,HOMICIDE,Outside,FIREARM,433.0,NORTHEAST,ARMISTEAD GARDENS,-76.550705236843,39.304007745614,,STREET,,1
28,2020-10-17,16:25:00,1A,5200 CUTHBERT AV,HOMICIDE,Outside,FIREARM,633.0,NORTHWEST,ARLINGTON,-76.680387489014,39.346299651,,STREET,Northwestern,1
29,2020-10-15,22:42:00,1A,600 N ELLWOOD AV,HOMICIDE,Outside,FIREARM,224.0,SOUTHEAST,ELLWOOD PARK/MONUMENT,-76.573801456496,39.298122742888,,STREET,,1
30,2020-10-11,11:57:00,1A,600 CUMBERLAND ST,HOMICIDE,Outside,FIREARM,733.0,WESTERN,PENN NORTH,-76.642176231832,39.30900971323,,STREET,Western,1
31,2020-10-10,00:00:00,1A,4800 ERDMAN AV,HOMICIDE,Outside,FIREARM,334.0,EASTERN,ORANGEVILLE,-76.559878565733,39.307125242147,,STREET,,1
32,2020-10-10,23:27:00,1A,5900 MORAVIA PARK DR,HOMICIDE,Outside,FIREARM,443.0,NORTHEAST,FRANKFORD,-76.546883353387,39.315545096838,,STREET,,1
33,2020-10-10,11:36:00,1A,3100 SPAULDING AV,HOMICIDE,Outside,FIREARM,614.0,NORTHWEST,CENTRAL PARK HEIGHTS,-76.673960089332,39.34864348222,,STREET,,1
34,2020-10-09,00:41:00,1A,6300 GREENSPRING AV,HOMICIDE,Outside,FIREARM,632.0,NORTHWEST,CHESWOLDE,-76.680882516801,39.369060583979,,STREET,,1
35,2020-10-08,19:05:00,1A,4300 BREHMS LA,HOMICIDE,Outside,FIREARM,442.0,NORTHEAST,PARKSIDE,-76.560321486359,39.324585931794,,ALLEY,Northeastern,1
36,2020-10-08,10:30:00,1A,1200 E FAYETTE ST,HOMICIDE,Outside,FIREARM,211.0,SOUTHEAST,PLEASANT VIEW GARDENS,-76.601416715802,39.292130989388,,STREET,,1
37,2020-10-06,16:08:00,1A,3600 EDMONDSON AV,HOMICIDE,Inside,FIREARM,815.0,SOUTHWEST,EDMONDSON VILLAGE,-76.677539745596,39.294076634389,,COMMON BUSINESS,,1
38,2020-10-06,00:00:00,1A,900 S CATON AV,HOMICIDE,Outside,FIREARM,832.0,SOUTHWEST,VIOLETVILLE,-76.671511453948,39.273770549184,,HOSPITAL,,1
39,2020-10-05,20:34:00,1A,2000 WHISTLER AV,HOMICIDE,Outside,FIREARM,831.0,SOUTHWEST,MORRELL PARK,-76.650929681898,39.265127394698,,STREET,,1
40,2020-10-05,19:32:00,1A,2200 KLOMAN ST,HOMICIDE,Outside,FIREARM,921.0,SOUTHERN,WESTPORT,-76.631399079055,39.262887231291,,PUBLIC AREA,,1
41,2020-10-05,15:00:00,1A,2400 MAISEL CT,HOMICIDE,Inside,FIREARM,921.0,SOUTHERN,WESTPORT,-76.641743363783,39.263111724635,,DWELLING,,1
42,2020-10-03,01:15:00,1A,2400 E PRESTON ST,HOMICIDE,Outside,FIREARM,331.0,EASTERN,BROADWAY EAST,-76.583214523681,39.305733931806,,VEHICLE,Eastern 2,1
43,2020-10-02,18:04:00,1A,800 N FRANKLINTOWN RD,HOMICIDE,Outside,FIREARM,814.0,SOUTHWEST,FRANKLINTOWN ROAD,-76.665076017372,39.295691429237,,PARKING LOT,,1
44,2020-09-29,04:59:00,1A,6500 Frankford Rd,HOMICIDE,Outside,FIREARM,441.0,NORTHEAST,PULASKI INDUSTRIAL AREA,-76.540426480585,39.314095350643,,PARKING LOT,,1
45,2020-09-29,18:15:00,1A,3000 SPAULDING AV,HOMICIDE,Outside,FIREARM,614.0,NORTHWEST,CENTRAL PARK HEIGHTS,-76.67228146596,39.349809489988,,STREET,,1
46,2020-09-26,07:33:00,1A,3100 SWANN DR,HOMICIDE,Outside,FIREARM,531.0,NORTHERN,DRUID HILL PARK,-76.642479166732,39.317513652011,,PUBLIC AREA,,1
47,2020-09-25,10:52:00,1A,2300 PRESBURY ST,HOMICIDE,Outside,FIREARM,723.0,WESTERN,COPPIN HEIGHTS/ASH-CO-EAST,-76.654061924008,39.307706153387,,STREET,Western,1
48,2020-09-24,21:15:00,1A,4100 FREDERICK AV,HOMICIDE,Outside,FIREARM,824.0,SOUTHWEST,IRVINGTON,-76.683483581145,39.281800684193,,STREET,,1
49,2020-09-24,11:44:00,1A,2200 RAMSAY ST,HOMICIDE,Outside,FIREARM,834.0,SOUTHWEST,CARROLLTON RIDGE,-76.651946313727,39.282826768085,,STREET,Tri-District,1
50,2020-09-24,00:01:00,1O,0 N GILMOR ST,HOMICIDE,Inside,OTHER,711.0,WESTERN,FRANKLIN SQUARE,-76.64247714035,39.289031785887,,DWELLING,,1
51,2020-09-24,,1A,1600 CLIFTVIEW AV,HOMICIDE,Outside,FIREARM,312.0,EASTERN,DARLEY PARK,-76.595747468168,39.31530961364,,VEHICLE,Eastern 1,1
52,2020-09-23,14:37:00,1A,4600 COLEHERNE RD,HOMICIDE,Outside,FIREARM,822.0,SOUTHWEST,HUNTING RIDGE,-76.694076001762,39.295043037351,,ALLEY,,1
53,2020-09-21,22:59:00,1A,4200 SHELDON AV,HOMICIDE,Outside,FIREARM,422.0,NORTHEAST,BELAIR-EDISON,-76.564693283634,39.328701365335,,STREET,Northeastern,1
54,2020-09-18,14:51:00,1A,2000 EAGLE ST,HOMICIDE,Outside,FIREARM,934.0,SOUTHERN,CARROLLTON RIDGE,-76.647596142484,39.280982771092,,STREET,,1
55,2020-09-15,15:01:00,1A,2000 HOLLINS ST,HOMICIDE,Outside,FIREARM,835.0,SOUTHWEST,BOOTH-BOYD,-76.648676049931,39.287140391295,,PUBLIC AREA,Tri-District,1
56,2020-09-14,00:15:00,1A,2300 HOMEWOOD AV,HOMICIDE,Outside,FIREARM,312.0,EASTERN,EAST BALTIMORE MIDWAY,-76.60699113478,39.315816848069,,STREET,,1
57,2020-09-13,23:03:00,1A,300 WARREN AV,HOMICIDE,Outside,FIREARM,942.0,SOUTHERN,FEDERAL HILL,-76.609741903207,39.279063969116,,PUBLIC AREA,,1
58,2020-09-12,18:36:00,1A,2800 CLIFTON PARK TER,HOMICIDE,Outside,FIREARM,432.0,NORTHEAST,BELAIR-EDISON,-76.576823435428,39.322564979702,,DWELLING,,1
59,2020-09-12,18:43:00,1A,1000 BEAUMONT AV,HOMICIDE,Outside,FIREARM,524.0,NORTHERN,KENILWORTH PARK,-76.601556260958,39.351017833372,,STREET,,1
60,2020-09-12,18:36:00,1A,2800 CLIFTON PARK TER,HOMICIDE,Outside,FIREARM,432.0,NORTHEAST,BELAIR-EDISON,-76.576823435428,39.322564979702,,DWELLING,,1
61,2020-09-12,00:37:00,1A,1700 W NORTH AV,HOMICIDE,Outside,FIREARM,733.0,WESTERN,PENN NORTH,-76.645065721908,39.310019935813,,STREET,Western,1
62,2020-09-11,11:46:00,1A,2600 POLK ST,HOMICIDE,Inside,FIREARM,411.0,NORTHEAST,COLDSTREAM HOMESTEAD MONTEBELLO,-76.595135378933,39.320161491826,,COMMON BUSINESS,,1
63,2020-09-10,00:02:00,1A,3100 INDEPENDENCE ST,HOMICIDE,Outside,FIREARM,513.0,NORTHERN,BETTER WAVERLY,-76.603334859074,39.324503889322,,STREET,,1
64,2020-09-10,19:00:00,1O,400 AISQUITH ST,HOMICIDE,Inside,OTHER,324.0,EASTERN,OLDTOWN,-76.60182007046,39.295271933387,,DWELLING,,1
65,2020-09-10,00:02:00,1A,3100 INDEPENDENCE ST,HOMICIDE,Outside,FIREARM,513.0,NORTHERN,BETTER WAVERLY,-76.603334859074,39.324503889322,,STREET,,1
66,2020-09-09,02:09:00,1A,4100 MARX AV,HOMICIDE,Inside,FIREARM,426.0,NORTHEAST,WILSON HEIGHTS,-76.561014098864,39.333966003922,,DWELLING,,1
67,2020-09-09,20:45:00,1A,200 S CATHERINE ST,HOMICIDE,Outside,FIREARM,835.0,SOUTHWEST,SHIPLEY HILL,-76.656051352246,39.284678674979,,PUBLIC AREA,Tri-District,1
68,2020-09-09,21:11:00,1A,5200 GOODNOW RD,HOMICIDE,Outside,FIREARM,443.0,NORTHEAST,FRANKFORD,-76.543970823227,39.324874516389,,PUBLIC AREA,,1
69,2020-09-08,15:02:00,1A,1800 E 28TH ST,HOMICIDE,Outside,FIREARM,411.0,NORTHEAST,COLDSTREAM HOMESTEAD MONTEBELLO,-76.589960005802,39.323788116297,,PUBLIC AREA,,1
70,2020-09-08,19:36:00,1A,700 N ROSE ST,HOMICIDE,Outside,FIREARM,333.0,EASTERN,MILTON-MONTFORD,-76.581535652134,39.298929795978,,ALLEY,Eastern 2,1
71,2020-09-07,20:33:00,1A,3200 PHELPS LA,HOMICIDE,Outside,FIREARM,835.0,SOUTHWEST,CARROLL-SOUTH HILTON,-76.671615046118,39.287020857933,,STREET,,1
72,2020-09-05,01:30:00,1K,3800 BROOKLYN AV,HOMICIDE,Inside,KNIFE,913.0,SOUTHERN,BROOKLYN,-76.60169362485,39.233223822387,,DWELLING,Brooklyn,1
73,2020-09-05,22:28:00,1A,2000 W LEXINGTON ST,HOMICIDE,Outside,FIREARM,714.0,WESTERN,PENROSE/FAYETTE STREET OUTREACH,-76.648881441505,39.290571196709,,STREET,,1
74,2020-09-05,05:26:00,1A,2500 W LEXINGTON ST,HOMICIDE,Outside,FIREARM,835.0,SOUTHWEST,PENROSE/FAYETTE STREET OUTREACH,-76.655798561016,39.290336520059,,STREET,,1
75,2020-09-03,15:25:00,1O,1100 GORSUCH AV,HOMICIDE,Outside,OTHER,412.0,NORTHEAST,BETTER WAVERLY,-76.601602676467,39.325393781737,,ALLEY,,1
76,2020-08-31,15:22:00,1A,2900 EDGECOMBE CIR S,HOMICIDE,Inside,FIREARM,532.0,NORTHERN,PARKLANE,-76.664762245946,39.343435306219,,DWELLING,,1
77,2020-08-31,20:47:00,1O,2100 DENISON ST,HOMICIDE,Outside,OTHER,812.0,SOUTHWEST,MOUNT HOLLY,-76.674306492248,39.311027887679,,STREET,,1
78,2020-08-31,13:25:00,1A,1100 GRANBY ST,HOMICIDE,Outside,FIREARM,211.0,SOUTHEAST,JONESTOWN,-76.600939760387,39.289051746318,,STREET,,1
79,2020-08-30,18:31:00,1K,400 E 27TH ST,HOMICIDE,Outside,KNIFE,513.0,NORTHERN,HARWOOD,-76.609975798688,39.321003408309,,PUBLIC AREA,,1
80,2020-08-24,15:30:00,1A,2500 EDMONDSON AV,HOMICIDE,Outside,FIREARM,721.0,WESTERN,ROSEMONT HOMEOWNERS/TENANTS,-76.656406943708,39.294799531733,,STREET,,1
81,2020-08-22,21:05:00,1A,900 TUNBRIDGE RD,HOMICIDE,Outside,FIREARM,523.0,NORTHERN,CAMERON VILLAGE,-76.602677536309,39.355938692738,,STREET,,1
82,2020-08-21,14:25:00,1A,3400 VIOLETVILLE LA,HOMICIDE,Outside,FIREARM,832.0,SOUTHWEST,VIOLETVILLE,-76.673514032577,39.267355855916,,STREET,,1
83,2020-08-21,21:48:00,1A,1900 GRIFFIS AV,HOMICIDE,Outside,FIREARM,831.0,SOUTHWEST,MORRELL PARK,-76.650589925601,39.267581768487,,ALLEY,,1
84,2020-08-20,20:35:00,1A,100 N MONASTERY AV,HOMICIDE,Outside,FIREARM,824.0,SOUTHWEST,ALLENDALE,-76.676259209325,39.288188616078,,STREET,,1
85,2020-08-18,21:30:00,1A,4100 DORCHESTER RD,HOMICIDE,Outside,FIREARM,,,,,,,STREET,,1
86,2020-08-16,02:00:00,1A,4900 GOODNOW RD,HOMICIDE,Inside,FIREARM,443.0,NORTHEAST,FRANKFORD,-76.54838420784,39.326664353575,,DWELLING,,1
87,2020-08-15,00:45:00,1A,2500 E MADISON ST,HOMICIDE,Outside,FIREARM,333.0,EASTERN,MILTON-MONTFORD,-76.582291412379,39.299979561723,,STREET,Eastern 2,1
88,2020-08-11,03:45:00,1A,900 PEACH ST,HOMICIDE,Inside,FIREARM,941.0,SOUTHERN,SHARP-LEADENHALL,-76.617676134033,39.278881121622,,DWELLING,,1
89,2020-08-09,03:00:00,1A,100 PARK AV,HOMICIDE,Outside,FIREARM,114.0,CENTRAL,DOWNTOWN,-76.618028087039,39.290562072303,,ALLEY,,1
90,2020-08-08,12:52:00,1A,800 VINE ST,HOMICIDE,Outside,FIREARM,712.0,WESTERN,POPPLETON,-76.629864344857,39.29066130062,,ALLEY,,1
91,2020-08-08,21:09:00,1A,2300 Hoffman St,HOMICIDE,Outside,FIREARM,331.0,EASTERN,BROADWAY EAST,-76.585546828939,39.306848276991,,STREET,,1
92,2020-08-06,22:28:00,1A,2400 ETTING ST,HOMICIDE,Outside,FIREARM,733.0,WESTERN,PENN NORTH,-76.640753285878,39.310830975141,,STREET,Western,1
93,2020-08-06,01:12:00,1K,2200 PELHAM AV,HOMICIDE,Outside,KNIFE,431.0,NORTHEAST,MAYFIELD,-76.580227172885,39.330898751021,,ALLEY,,1
94,2020-08-06,20:29:00,1A,2200 RUSKIN AV,HOMICIDE,Outside,FIREARM,731.0,WESTERN,PARKVIEW/WOODBROOK,-76.648166856804,39.31485640386,,STREET,Western,1
95,2020-08-05,12:55:00,1A,1700 MCCULLOH ST,HOMICIDE,Outside,FIREARM,123.0,CENTRAL,UPTON,-76.63178128813,39.305683537389,,STREET,,1
96,2020-08-05,02:00:00,1A,700 WHITELOCK ST,HOMICIDE,Inside,FIREARM,133.0,CENTRAL,RESERVOIR HILL,-76.630319078803,39.314753964672,,DWELLING,,1
97,2020-08-03,19:15:00,1A,1000 QUANTRIL WY,HOMICIDE,Outside,FIREARM,433.0,NORTHEAST,ARMISTEAD GARDENS,-76.54921216813,39.303555974809,,ALLEY,,1
98,2020-07-31,22:14:00,1A,600 MOUNT HOLLY ST,HOMICIDE,Outside,FIREARM,815.0,SOUTHWEST,EDMONDSON VILLAGE,-76.679837928297,39.29396084855,,STREET,,1
99,2020-07-31,10:36:00,1A,3700 S HANOVER ST,HOMICIDE,Outside,FIREARM,913.0,SOUTHERN,BROOKLYN,-76.610153831968,39.237451615167,,STREET,,1
100,2020-07-29,23:46:00,1A,2500 BOARMAN AV,HOMICIDE,Outside,FIREARM,533.0,NORTHERN,GREENSPRING,-76.66387987991,39.33996482096,,ALLEY,,1
101,2020-07-29,21:32:00,1A,3800 POTEE ST,HOMICIDE,Outside,FIREARM,913.0,SOUTHERN,BROOKLYN,-76.611992145876,39.237023986507,,ALLEY,,1
102,2020-07-28,17:42:00,1A,4600 EDMONDSON AV,HOMICIDE,Outside,FIREARM,822.0,SOUTHWEST,HUNTING RIDGE,-76.693985772635,39.293495291565,,PARKING LOT,,1
103,2020-07-27,17:08:00,1A,1800 MCHENRY ST,HOMICIDE,Outside,FIREARM,934.0,SOUTHERN,CARROLLTON RIDGE,-76.645048252913,39.284378293374,,STREET,Tri-District,1
104,2020-07-26,23:27:00,1A,2200 FLEETWOOD AV,HOMICIDE,Outside,FIREARM,423.0,NORTHEAST,HARFORD-ECHODALE/PERRING PARKWAY,-76.569389100158,39.367138667995,,STREET,,1
105,2020-07-26,20:23:00,1A,2900 SPRINGHILL AV,HOMICIDE,Outside,FIREARM,612.0,NORTHWEST,PARK CIRCLE,-76.663307577384,39.330972002316,,PUBLIC AREA,,1
106,2020-07-25,12:37:00,1A,300 S FRANKLINTOWN RD,HOMICIDE,Outside,FIREARM,835.0,SOUTHWEST,SHIPLEY HILL,-76.657676833969,39.283581976132,,STREET,,1
107,2020-07-24,22:45:00,1A,1200 N CURLEY ST,HOMICIDE,Outside,FIREARM,332.0,EASTERN,BEREA,-76.576375346264,39.305043859075,,STREET,,1
108,2020-07-22,12:51:00,1A,3500 W CATON AV,HOMICIDE,Inside,FIREARM,835.0,SOUTHWEST,SAINT JOSEPHS,-76.676099689374,39.287913762427,,COMMON BUSINESS,,1
109,2020-07-18,13:30:00,1A,1600 LOCUST ST,HOMICIDE,Outside,FIREARM,911.0,SOUTHERN,CURTIS BAY,-76.588532491198,39.226884890211,,STREET,,1
110,2020-07-18,02:05:00,1A,3700 LEWISTON AV,HOMICIDE,Outside,FIREARM,633.0,NORTHWEST,ARLINGTON,-76.684096836398,39.34923967116,,STREET,Northwestern,1
111,2020-07-17,07:49:00,1A,800 LOW ST,HOMICIDE,Outside,FIREARM,211.0,SOUTHEAST,JONESTOWN,-76.606979892523,39.292715456355,,STREET,,1
112,2020-07-17,19:57:00,1A,2600 MCELDERRY ST,HOMICIDE,Outside,FIREARM,221.0,SOUTHEAST,MCELDERRY PARK,-76.580732424452,39.297866760907,,STREET,,1
113,2020-07-16,04:40:00,1A,2600 HARLEM AV,HOMICIDE,Outside,FIREARM,721.0,WESTERN,MOSHER,-76.660348912775,39.295690569453,,STREET,,1
114,2020-07-16,22:43:00,1A,500 SHERIDAN AV,HOMICIDE,Outside,FIREARM,523.0,NORTHERN,WOODBOURNE-MCCABE,-76.609789133386,39.354731655245,,STREET,,1
115,2020-07-16,21:03:00,1A,1600 LAURENS ST,HOMICIDE,Inside,FIREARM,724.0,WESTERN,SANDTOWN-WINCHESTER,-76.644082581503,39.303108524029,,DWELLING,,1
116,2020-07-15,14:30:00,1O,400 GUILFORD AVE,HOMICIDE,Outside,OTHER,124.0,CENTRAL,MOUNT VERNON,-76.611252113176,39.295579403994,,STREET,,1
117,2020-07-15,20:50:00,1O,1700 E BIDDLE ST,HOMICIDE,Outside,OTHER,314.0,EASTERN,BROADWAY EAST,-76.594453136882,39.304360863119,,STREET,,1
118,2020-07-13,12:36:00,1K,1100 COMET ST,HOMICIDE,Inside,KNIFE,211.0,SOUTHEAST,PLEASANT VIEW GARDENS,-76.602389591952,39.292902998749,,DWELLING,,1
119,2020-07-11,15:16:00,1A,4800 THE ALAMEDA,HOMICIDE,Outside,FIREARM,524.0,NORTHERN,NEW NORTHWOOD,-76.599473971511,39.346188100445,,DWELLING,,1
120,2020-07-11,22:50:00,1A,3400 CLIFTON AV,HOMICIDE,Outside,FIREARM,812.0,SOUTHWEST,MOUNT HOLLY,-76.674315929382,39.311045711083,,ALLEY,,1
121,2020-07-11,18:00:00,1A,2200 CECIL AV,HOMICIDE,Inside,FIREARM,312.0,EASTERN,EAST BALTIMORE MIDWAY,-76.604686364036,39.314202429104,,DWELLING,Eastern 1,1
122,2020-07-08,19:16:00,1A,100 N KOSSUTH ST,HOMICIDE,Outside,FIREARM,835.0,SOUTHWEST,SAINT JOSEPHS,-76.673671000196,39.288494712634,,ALLEY,,1
123,2020-07-08,19:36:00,1A,2500 KIRK AV,HOMICIDE,Outside,FIREARM,411.0,NORTHEAST,COLDSTREAM HOMESTEAD MONTEBELLO,-76.602059761465,39.318299490764,,STREET,,1
124,2020-07-06,22:01:00,1A,5300 BOSWORTH AV,HOMICIDE,Outside,FIREARM,622.0,NORTHWEST,HOWARD PARK,-76.70602228607,39.329997204336,,DWELLING,,1
125,2020-07-06,20:20:00,1A,5200 CUTHBERT AV,HOMICIDE,Outside,FIREARM,633.0,NORTHWEST,ARLINGTON,-76.680387489014,39.346299651,,STREET,Northwestern,1
126,2020-07-04,02:16:00,1A,100 S MONROE ST,HOMICIDE,Outside,FIREARM,934.0,SOUTHERN,CARROLLTON RIDGE,-76.646871020597,39.286100364636,,PUBLIC AREA,Tri-District,1
127,2020-07-03,19:51:00,1A,5200 CORDELIA AV,HOMICIDE,Outside,FIREARM,633.0,NORTHWEST,ARLINGTON,-76.682212176455,39.34620487275,,STREET,Northwestern,1
128,2020-07-02,06:26:00,1A,1800 N ROSE ST,HOMICIDE,Outside,FIREARM,332.0,EASTERN,BEREA,-76.582389385304,39.312759385304,,ALLEY,,1
129,2020-06-29,00:26:00,1A,1300 PONCA ST,HOMICIDE,Outside,FIREARM,231.0,SOUTHEAST,CANTON INDUSTRIAL AREA,-76.554485769311,39.278688346496,,VEHICLE,,1
130,2020-06-29,15:41:00,1A,1600 LAURENS ST,HOMICIDE,Outside,FIREARM,724.0,WESTERN,SANDTOWN-WINCHESTER,-76.643274508369,39.303288152442,,STREET,,1
131,2020-06-28,19:39:00,1A,2200 MCELDERRY ST,HOMICIDE,Outside,FIREARM,321.0,EASTERN,MIDDLE EAST,-76.586503414786,39.2976305592,,STREET,,1
132,2020-06-28,01:21:00,1K,300 W SARATOGA ST,HOMICIDE,Outside,KNIFE,114.0,CENTRAL,DOWNTOWN,-76.619742486213,39.292961675436,,STREET,,1
133,2020-06-25,18:34:00,1K,2300 WESTWOOD AV,HOMICIDE,Outside,KNIFE,723.0,WESTERN,COPPIN HEIGHTS/ASH-CO-EAST,-76.654124993056,39.308642077618,,ALLEY,Western,1
134,2020-06-25,21:40:00,1O,900 E HOFFMAN ST,HOMICIDE,Outside,OTHER,314.0,EASTERN,GREENMOUNT CEMETERY,-76.605103456972,39.306082956031,,STREET,,1
135,2020-06-24,02:54:00,1A,1100 E 20TH ST,HOMICIDE,Outside,FIREARM,312.0,EASTERN,EAST BALTIMORE MIDWAY,-76.604182080993,39.312833919293,,VEHICLE,Eastern 1,1
136,2020-06-24,20:00:00,1A,5300 WINNER AV,HOMICIDE,Outside,FIREARM,633.0,NORTHWEST,PIMLICO GOOD NEIGHBORS,-76.676582989707,39.351436545634,,PUBLIC AREA,,1
137,2020-06-24,20:00:00,1A,5300 WINNER AV,HOMICIDE,Outside,FIREARM,633.0,NORTHWEST,PIMLICO GOOD NEIGHBORS,-76.676582989707,39.351436545634,,PUBLIC AREA,,1
138,2020-06-23,20:14:00,1A,800 ROUNDVIEW RD,HOMICIDE,Outside,FIREARM,922.0,SOUTHERN,CHERRY HILL,-76.621696346366,39.247194281265,,STREET,,1
139,2020-06-22,20:47:00,1O,4400 ELDONE RD,HOMICIDE,Inside,OTHER,833.0,SOUTHWEST,YALE HEIGHTS,-76.691269008679,39.276789135787,,DWELLING,,1
140,2020-06-20,20:00:00,1A,3600 WILKENS AV,HOMICIDE,Outside,FIREARM,833.0,SOUTHWEST,IRVINGTON,-76.681076688894,39.270795554817,,PUBLIC AREA,,1
141,2020-06-20,02:47:00,1A,500 N BOULDIN ST,HOMICIDE,Outside,FIREARM,224.0,SOUTHEAST,ELLWOOD PARK/MONUMENT,-76.571450599483,39.297192868143,,STREET,,1
142,2020-06-19,12:03:00,1O,200 BOSWELL RD,HOMICIDE,Outside,OTHER,823.0,SOUTHWEST,WESTGATE,-76.703952468848,39.282590159948,,VEHICLE,,1
143,2020-06-19,12:03:00,1A,200 BOSWELL RD,HOMICIDE,Outside,FIREARM,823.0,SOUTHWEST,WESTGATE,-76.703952468848,39.282590159948,,VEHICLE,,1
144,2020-06-19,12:03:00,1A,200 BOSWELL RD,HOMICIDE,Outside,FIREARM,823.0,SOUTHWEST,WESTGATE,-76.703952468848,39.282590159948,,VEHICLE,,1
145,2020-06-18,03:00:00,1A,1900 W LEXINGTON ST,HOMICIDE,Outside,FIREARM,714.0,WESTERN,PENROSE/FAYETTE STREET OUTREACH,-76.647568259674,39.290624299695,,STREET,,1
146,2020-06-17,13:22:00,1A,2900 W GARRISON AV,HOMICIDE,Outside,FIREARM,614.0,NORTHWEST,CENTRAL PARK HEIGHTS,-76.669238814332,39.349690517727,,STREET,,1
147,2020-06-14,13:42:00,1A,2000 RAMSAY ST,HOMICIDE,Outside,FIREARM,934.0,SOUTHERN,CARROLLTON RIDGE,-76.648463083803,39.283146026918,,STREET,Tri-District,1
148,2020-06-12,10:17:00,1A,2100 WILKENS AV,HOMICIDE,Outside,FIREARM,834.0,SOUTHWEST,CARROLLTON RIDGE,-76.649274243853,39.281302042782,,PUBLIC SCHOOL,Tri-District,1
149,2020-06-11,20:57:00,1A,3700 GELSTON DR,HOMICIDE,Outside,FIREARM,815.0,SOUTHWEST,EDMONDSON VILLAGE,-76.678987525583,39.295810813303,,STREET,,1
150,2020-06-10,20:52:00,1A,2400 ALBION AV,HOMICIDE,Outside,FIREARM,421.0,NORTHEAST,LAURAVILLE,-76.575051696226,39.349277194094,,STREET,,1
151,2020-06-10,18:45:00,1A,1800 W NORTH AV,HOMICIDE,Outside,FIREARM,731.0,WESTERN,MONDAWMIN,-76.646579843889,39.309954503473,,STREET,Western,1
152,2020-06-08,02:51:00,1A,200 N CAROLINE ST,HOMICIDE,Outside,FIREARM,212.0,SOUTHEAST,DUNBAR-BROADWAY,-76.597406934331,39.294366491725,,STREET,,1
153,2020-06-07,05:45:00,1A,2400 N PULASKI ST,HOMICIDE,Outside,FIREARM,731.0,WESTERN,MONDAWMIN,-76.65155961688,39.314923136527,,ALLEY,Western,1
154,2020-06-07,02:34:00,1A,3700 BOARMAN AV,HOMICIDE,Outside,FIREARM,623.0,NORTHWEST,CALLAWAY-GARRISON,-76.676109469898,39.334845415671,,STREET,,1
155,2020-06-06,21:10:00,1K,4500 E FAYETTE ST,HOMICIDE,Outside,KNIFE,232.0,SOUTHEAST,KRESSON,-76.559705766696,39.295231013357,,PUBLIC AREA,,1
156,2020-06-05,21:33:00,1A,1700 GORSUCH AV,HOMICIDE,Outside,FIREARM,411.0,NORTHEAST,COLDSTREAM HOMESTEAD MONTEBELLO,-76.594122959952,39.320985892352,,STREET,,1
157,2020-06-03,00:45:00,1A,700 W SARATOGA ST,HOMICIDE,Outside,FIREARM,122.0,CENTRAL,POPPLETON,-76.627939063679,39.292784522564,,STREET,,1
158,2020-06-03,00:45:00,1A,3500 HARLEM AV,HOMICIDE,Outside,FIREARM,815.0,SOUTHWEST,EDMONDSON VILLAGE,-76.67569535367,39.29536985367,,STREET,,1
159,2020-06-02,13:23:00,1A,800 MCKEAN AV,HOMICIDE,Inside,FIREARM,722.0,WESTERN,HARLEM PARK,-76.646684613685,39.298382713313,,DWELLING,,1
160,2020-06-02,23:00:00,1A,5600 HADDON AV,HOMICIDE,Outside,FIREARM,634.0,NORTHWEST,GROVE PARK,-76.704238294157,39.337823647415,,STREET,,1
161,2020-06-01,14:15:00,1A,600 HARWOOD AV,HOMICIDE,Outside,FIREARM,523.0,NORTHERN,MID-GOVANS,-76.60692686552,39.357626826772,,VEHICLE,,1
162,2020-06-01,21:30:00,1O,0 S GREENE ST,HOMICIDE,Inside,OTHER,121.0,CENTRAL,UNIVERSITY OF MARYLAND,-76.623694842265,39.288377775121,,HOSPITAL,,1
163,2020-06-01,01:08:00,1A,4700 LIBERTY HEIGHTS AV,HOMICIDE,Outside,FIREARM,622.0,NORTHWEST,HOWARD PARK,-76.695758955382,39.331494624342,,STREET,,1
164,2020-05-31,00:00:00,1A,4000 6TH ST,HOMICIDE,Inside,FIREARM,913.0,SOUTHERN,BROOKLYN,-76.603679433283,39.231700973697,,DWELLING,,1
165,2020-05-30,03:18:00,1A,2100 WILKENS AV,HOMICIDE,Outside,FIREARM,834.0,SOUTHWEST,CARROLLTON RIDGE,-76.649274243853,39.281302042782,,VEHICLE,Tri-District,1
166,2020-05-30,17:23:00,1A,1500 PRESSTMAN ST,HOMICIDE,Outside,FIREARM,734.0,WESTERN,SANDTOWN-WINCHESTER,-76.641984111421,39.305500936501,,STREET,,1
167,2020-05-30,04:01:00,1A,300 KEY HWY,HOMICIDE,Outside,FIREARM,112.0,CENTRAL,INNER HARBOR,-76.609814833496,39.280774799297,,PUBLIC AREA,,1
168,2020-05-30,23:31:00,1A,3900 STOKES DR,HOMICIDE,Outside,FIREARM,821.0,SOUTHWEST,GWYNNS FALLS/LEAKIN PARK,-76.681262999906,39.300528499655,,STREET,,1
169,2020-05-29,00:20:00,1A,500 N CURLEY ST,HOMICIDE,Outside,FIREARM,224.0,SOUTHEAST,ELLWOOD PARK/MONUMENT,-76.575857956506,39.297033742897,,STREET,,1
170,2020-05-28,18:20:00,1A,5600 WAYNE AV,HOMICIDE,Outside,FIREARM,622.0,NORTHWEST,HOWARD PARK,-76.710638976335,39.331485424002,,STREET,,1
171,2020-05-28,18:20:00,1A,5600 WAYNE AV,HOMICIDE,Outside,FIREARM,622.0,NORTHWEST,HOWARD PARK,-76.710638976335,39.331485424002,,STREET,,1
172,2020-05-26,01:26:00,1A,2300 PRESBURY ST,HOMICIDE,Outside,FIREARM,723.0,WESTERN,COPPIN HEIGHTS/ASH-CO-EAST,-76.654061924008,39.307706153387,,STREET,Western,1
173,2020-05-25,21:43:00,1A,3200 LIBERTY HEIGHTS AV,HOMICIDE,Outside,FIREARM,625.0,NORTHWEST,ASHBURTON,-76.669537529152,39.323699152474,,STREET,,1
174,2020-05-24,18:59:00,1A,1700 E LAFAYETTE AV,HOMICIDE,Outside,FIREARM,331.0,EASTERN,BROADWAY EAST,-76.59370387627,39.310782992271,,STREET,Eastern 1,1
175,2020-05-24,18:59:00,1A,1700 E LAFAYETTE AV,HOMICIDE,Outside,FIREARM,331.0,EASTERN,BROADWAY EAST,-76.59370387627,39.310782992271,,STREET,Eastern 1,1
176,2020-05-24,14:57:00,1A,3600 BELVEDERE AVE,HOMICIDE,Outside,FIREARM,633.0,NORTHWEST,ARLINGTON,-76.680286705252,39.346206347265,,STREET,,1
177,2020-05-24,20:06:00,1A,5200 FRANKFORD AV,HOMICIDE,Outside,FIREARM,443.0,NORTHEAST,FRANKFORD,-76.540991941299,39.326082164389,,PARKING LOT,,1
178,2020-05-23,21:44:00,1A,300 S Collins Av,HOMICIDE,Outside,FIREARM,824.0,SOUTHWEST,IRVINGTON,-76.683618147077,39.281663482679,,STREET,,1
179,2020-05-23,14:04:00,1A,2100 BAKER ST,HOMICIDE,Inside,FIREARM,735.0,WESTERN,EASTERWOOD,-76.651195893367,39.306553616357,,VACANT DWELLING,Western,1
180,2020-05-23,02:02:00,1A,3500 SPAULDING AV,HOMICIDE,Inside,FIREARM,614.0,NORTHWEST,CENTRAL PARK HEIGHTS,-76.677580629416,39.34645272123,,DWELLING,Northwestern,1
181,2020-05-22,10:33:00,1A,4200 NORFOLK AV,HOMICIDE,Outside,FIREARM,624.0,NORTHWEST,WEST FOREST PARK,-76.688198712726,39.323243895412,,STREET,,1
182,2020-05-21,21:08:00,1A,100 S MORLEY ST,HOMICIDE,Inside,FIREARM,835.0,SOUTHWEST,SAINT JOSEPHS,-76.675906399807,39.285093385178,,DWELLING,,1
183,2020-05-19,14:40:00,1A,2600 E FAYETTE ST,HOMICIDE,Outside,FIREARM,221.0,SOUTHEAST,MCELDERRY PARK,-76.580539914729,39.29454656131,,STREET,,1
184,2020-05-14,00:08:00,1A,100 VIOLET HILL WHITE WY,HOMICIDE,Outside,FIREARM,122.0,CENTRAL,POPPLETON,-76.627945506548,39.290183037716,,STREET,,1
185,2020-05-13,18:32:00,1A,300 E UNIVERSITY PKWY,HOMICIDE,Outside,FIREARM,512.0,NORTHERN,OAKENSHAWE,-76.612695752088,39.329268385618,,ALLEY,,1
186,2020-05-13,21:54:00,1A,400 E 21ST ST,HOMICIDE,Outside,FIREARM,311.0,EASTERN,BARCLAY,-76.610999671179,39.313535994924,,STREET,,1
187,2020-05-12,21:52:00,1A,500 W HOFFMAN ST,HOMICIDE,Outside,FIREARM,123.0,CENTRAL,UPTON,-76.626640423473,39.300382255892,,STREET,Central,1
188,2020-05-10,16:29:00,1A,1400 E COLD SPRING LA,HOMICIDE,Outside,FIREARM,413.0,NORTHEAST,NEW NORTHWOOD,-76.593604468252,39.345872289892,,COMMON BUSINESS,,1
189,2020-05-08,16:31:00,1A,1300 N LAKEWOOD AV,HOMICIDE,Outside,FIREARM,332.0,EASTERN,BEREA,-76.579967400206,39.305987735476,,STREET,Eastern 2,1
190,2020-05-07,23:50:00,1A,2100 AIKEN ST,HOMICIDE,Outside,FIREARM,312.0,EASTERN,EAST BALTIMORE MIDWAY,-76.600653595257,39.313944096058,,STREET,Eastern 1,1
191,2020-05-07,22:44:00,1A,2500 E BIDDLE ST,HOMICIDE,Outside,FIREARM,331.0,EASTERN,BEREA,-76.58259533679,39.304823701273,,PUBLIC AREA,Eastern 2,1
192,2020-05-06,19:33:00,1A,4300 FLOWERTON RD,HOMICIDE,Outside,FIREARM,822.0,SOUTHWEST,ROGNEL HEIGHTS,-76.689636501301,39.297075418695,,VACANT DWELLING,,1
193,2020-05-06,14:13:00,1A,2400 BRIDGEHAMPTON DR,HOMICIDE,Inside,FIREARM,423.0,NORTHEAST,HARFORD-ECHODALE/PERRING PARKWAY,-76.564918379514,39.37033431362,,DWELLING,,1
194,2020-05-06,14:13:00,1A,2400 BRIDGEHAMPTON DR,HOMICIDE,Inside,FIREARM,423.0,NORTHEAST,HARFORD-ECHODALE/PERRING PARKWAY,-76.564918379514,39.37033431362,,DWELLING,,1
195,2020-05-05,10:00:00,1O,1900 W PRATT ST,HOMICIDE,Outside,OTHER,934.0,SOUTHERN,CARROLLTON RIDGE,-76.646834242845,39.285233858596,,STREET,Tri-District,1
196,2020-05-05,16:40:00,1A,4800 CORDELIA AV,HOMICIDE,Outside,FIREARM,613.0,NORTHWEST,LANGSTON HUGHES,-76.678255153305,39.34229956557,,STREET,Northwestern,1
197,2020-05-05,13:51:00,1A,2200 RUSKIN AV,HOMICIDE,Outside,FIREARM,731.0,WESTERN,PARKVIEW/WOODBROOK,-76.648166856804,39.31485640386,,STREET,Western,1
198,2020-05-05,07:38:00,1A,1900 MCHENRY ST,HOMICIDE,Outside,FIREARM,934.0,SOUTHERN,CARROLLTON RIDGE,-76.646785313249,39.284315225699,,ALLEY,Tri-District,1
199,2020-05-04,23:00:00,1A,100 S MONROE ST,HOMICIDE,Outside,FIREARM,934.0,SOUTHERN,CARROLLTON RIDGE,-76.646871020597,39.286100364636,,STREET,Tri-District,1
200,2020-05-03,21:44:00,1A,600 MOUNT HOLLY ST,HOMICIDE,Outside,FIREARM,815.0,SOUTHWEST,EDMONDSON VILLAGE,-76.679837928297,39.29396084855,,PUBLIC AREA,,1
201,2020-05-03,21:44:00,1A,600 MOUNT HOLLY ST,HOMICIDE,Outside,FIREARM,815.0,SOUTHWEST,EDMONDSON VILLAGE,-76.679837928297,39.29396084855,,PUBLIC AREA,,1
202,2020-05-02,09:37:00,1A,3300 GARRISON BLVD,HOMICIDE,Outside,FIREARM,621.0,NORTHWEST,CENTRAL FOREST PARK,-76.682666278459,39.326408679187,,COMMON BUSINESS,,1
203,2020-04-27,12:08:00,1K,2000 BAKER ST,HOMICIDE,Inside,KNIFE,735.0,WESTERN,EASTERWOOD,-76.650565475468,39.306438618031,,DWELLING,Western,1
204,2020-04-27,14:57:00,1A,1300 SHELLBANKS RD,HOMICIDE,Outside,FIREARM,922.0,SOUTHERN,CHERRY HILL,-76.6319028085,39.25055067198,,STREET,,1
205,2020-04-27,23:23:00,1A,5300 SINCLAIR LA,HOMICIDE,Inside,FIREARM,443.0,NORTHEAST,FRANKFORD,-76.541547531237,39.32368869125,,DWELLING,,1
206,2020-04-27,,1A,2100 E NORTH AV,HOMICIDE,Outside,FIREARM,331.0,EASTERN,SOUTH CLIFTON PARK,-76.58861472285,39.31249032332,,STREET,,1
207,2020-04-23,09:29:00,1A,4500 WAKEFIELD RD,HOMICIDE,Inside,FIREARM,624.0,NORTHWEST,WEST FOREST PARK,-76.691826990013,39.3191298394,,DWELLING,,1
208,2020-04-22,00:49:00,1A,200 COLLINS AVE,HOMICIDE,Outside,FIREARM,824.0,SOUTHWEST,IRVINGTON,-76.683427276311,39.283380766297,,STREET,,1
209,2020-04-21,17:05:00,1O,5500 THE ALAMEDA,HOMICIDE,Inside,OTHER,523.0,NORTHERN,CAMERON VILLAGE,-76.596827908086,39.355719329193,,DWELLING,,1
210,2020-04-19,00:17:00,1A,2300 EVERGREEN ST,HOMICIDE,Outside,FIREARM,731.0,WESTERN,PANWAY/BRADDISH AVENUE,-76.660548031073,39.313657782842,,STREET,,1
211,2020-04-12,19:43:00,1K,3900 MAINE AV,HOMICIDE,Outside,KNIFE,621.0,NORTHWEST,CENTRAL FOREST PARK,-76.682679252753,39.326124546332,,ALLEY,,1
212,2020-04-11,00:27:00,1K,2200 HIGHVIEW AV,HOMICIDE,Outside,KNIFE,434.0,NORTHEAST,FOUR BY FOUR,-76.57587894191,39.31652931675,,STREET,,1
213,2020-04-10,12:36:00,1A,3600 9TH ST,HOMICIDE,Outside,FIREARM,912.0,SOUTHERN,BROOKLYN,-76.597833139956,39.234878173991,,STREET,Brooklyn,1
214,2020-04-10,16:05:00,1A,3600 S HANOVER ST,HOMICIDE,Outside,FIREARM,912.0,SOUTHERN,BROOKLYN,-76.609615795861,39.238499296838,,STREET,,1
215,2020-04-10,16:05:00,1A,3600 S HANOVER ST,HOMICIDE,Outside,FIREARM,912.0,SOUTHERN,BROOKLYN,-76.609615795861,39.238499296838,,STREET,,1
216,2020-04-09,20:00:00,1A,1700 DARLEY AV,HOMICIDE,Outside,FIREARM,312.0,EASTERN,DARLEY PARK,-76.593703901326,39.314794038902,,STREET,Eastern 1,1
217,2020-04-07,04:02:00,1A,1500 PRESSER CT,HOMICIDE,Outside,FIREARM,734.0,WESTERN,SANDTOWN-WINCHESTER,-76.643598757173,39.30542695643,,STREET,,1
218,2020-04-06,02:36:00,1A,400 N MONTFORD AV,HOMICIDE,Outside,FIREARM,221.0,SOUTHEAST,MCELDERRY PARK,-76.583571796006,39.295637847891,,STREET,,1
219,2020-04-04,02:44:00,1A,1100 S CHARLES ST,HOMICIDE,Inside,FIREARM,942.0,SOUTHERN,FEDERAL HILL,-76.614240199192,39.275808940256,,DWELLING,,1
220,2020-04-02,16:17:00,1A,4300 REISTERSTOWN RD,HOMICIDE,Inside,FIREARM,613.0,NORTHWEST,TOWANDA-GRANTLEY,-76.667754487573,39.338577341437,,COMMON BUSINESS,,1
221,2020-04-01,23:00:00,1A,4700 YELLOWWOOD AV,HOMICIDE,Outside,FIREARM,533.0,NORTHERN,COLDSPRING,-76.654972906953,39.345874093047,,VEHICLE,,1
222,2020-04-01,20:55:00,1A,2700 GREENMOUNT AV,HOMICIDE,Outside,FIREARM,513.0,NORTHERN,HARWOOD,-76.60953190272,39.320977844968,,STREET,,1
223,2020-03-30,00:00:00,1A,2400 TOLLEY ST,HOMICIDE,Outside,FIREARM,831.0,SOUTHWEST,MORRELL PARK,-76.648304354866,39.266387619788,,STREET,,1
224,2020-03-29,17:00:00,1A,800 N LINWOOD AV,HOMICIDE,Outside,FIREARM,333.0,EASTERN,MADISON-EASTEND,-76.57678178139,39.300164322768,,STREET,,1
225,2020-03-28,21:39:00,1A,1100 WASHINGTON BLVD,HOMICIDE,Outside,FIREARM,932.0,SOUTHERN,WASHINGTON VILLAGE,-76.632626786256,39.282905598282,,STREET,,1
226,2020-03-27,21:00:00,1A,1900 E OLIVER ST,HOMICIDE,Outside,FIREARM,331.0,EASTERN,BROADWAY EAST,-76.591015696899,39.307704033133,,STREET,,1
227,2020-03-27,23:50:00,1A,3600 5TH ST,HOMICIDE,Inside,FIREARM,913.0,SOUTHERN,BROOKLYN,-76.604248914354,39.236140585538,,DWELLING,Brooklyn,1
228,2020-03-25,12:15:00,1A,3000 OAKLEY AV,HOMICIDE,Outside,FIREARM,614.0,NORTHWEST,CENTRAL PARK HEIGHTS,-76.670382568271,39.347932485399,,STREET,,1
229,2020-03-25,12:15:00,1A,3000 OAKLEY AV,HOMICIDE,Outside,FIREARM,614.0,NORTHWEST,CENTRAL PARK HEIGHTS,-76.670382568271,39.347932485399,,STREET,,1
230,2020-03-23,16:57:00,1A,3900 RIDGEWOOD AV,HOMICIDE,Outside,FIREARM,623.0,NORTHWEST,DOLFIELD,-76.683371860231,39.336771476147,,DWELLING,,1
231,2020-03-17,16:52:00,1A,4900 REISTERSTOWN RD,HOMICIDE,Outside,FIREARM,613.0,NORTHWEST,LANGSTON HUGHES,-76.678111898351,39.342301350255,,PUBLIC AREA,Northwestern,1
232,2020-03-16,15:38:00,1A,400 S LEHIGH ST,HOMICIDE,Outside,FIREARM,233.0,SOUTHEAST,GREEKTOWN,-76.558166322855,39.287926718511,,STREET,,1
233,2020-03-16,12:41:00,1A,600 MCCABE AV,HOMICIDE,Outside,FIREARM,524.0,NORTHERN,WOODBOURNE-MCCABE,-76.607930975924,39.352698892109,,STREET,,1
234,2020-03-15,14:44:00,1A,800 HERNDON CT,HOMICIDE,Outside,FIREARM,913.0,SOUTHERN,BROOKLYN,-76.601297214719,39.230442224291,,STREET,,1
235,2020-03-15,04:24:00,1A,1300 N WOODINGTON RD,HOMICIDE,Inside,FIREARM,821.0,SOUTHWEST,EDMONDSON VILLAGE,-76.686299028233,39.302860120606,,DWELLING,,1
236,2020-03-13,21:37:00,1A,700 N ROSE ST,HOMICIDE,Outside,FIREARM,333.0,EASTERN,MILTON-MONTFORD,-76.581650295978,39.298922847866,,STREET,Eastern 2,1
237,2020-03-10,04:47:00,1A,3000 Liberty Heights Av,HOMICIDE,Outside,FIREARM,625.0,NORTHWEST,ASHBURTON,-76.665867863027,39.322616553602,,STREET,,1
238,2020-03-09,01:39:00,1A,2200 FLEETWOOD AV,HOMICIDE,Outside,FIREARM,423.0,NORTHEAST,HARFORD-ECHODALE/PERRING PARKWAY,-76.571361407979,39.367149618701,,PUBLIC AREA,,1
239,2020-03-07,17:55:00,1A,2300 TIOGA PKWY,HOMICIDE,Outside,FIREARM,611.0,NORTHWEST,LIBERTY SQUARE,-76.65438444126,39.31981829981,,STREET,,1
240,2020-03-04,10:13:00,1A,5400 JAMESTOWNE CT,HOMICIDE,Outside,FIREARM,823.0,SOUTHWEST,WESTGATE,-76.708437743232,39.282708730807,,DWELLING,,1
241,2020-02-28,22:13:00,1A,2500 E BIDDLE ST,HOMICIDE,Outside,FIREARM,331.0,EASTERN,BEREA,-76.58259533679,39.304823701273,,STREET,Eastern 2,1
242,2020-02-28,22:54:00,1A,2500 GIBBONS AV,HOMICIDE,Inside,FIREARM,423.0,NORTHEAST,HARFORD-ECHODALE/PERRING PARKWAY,-76.567042841126,39.354572621114,,DWELLING,,1
243,2020-02-27,01:10:00,1O,2900 EDMONDSON AV,HOMICIDE,Outside,OTHER,814.0,SOUTHWEST,FRANKLINTOWN ROAD,-76.665001187811,39.294539388579,,STREET,,1
244,2020-02-26,18:04:00,1A,1800 N CAREY ST,HOMICIDE,Inside,FIREARM,734.0,WESTERN,SANDTOWN-WINCHESTER,-76.64372002379,39.309692117392,,VEHICLE,Western,1
245,2020-02-24,13:00:00,1A,2900 N DUKELAND ST,HOMICIDE,Outside,FIREARM,611.0,NORTHWEST,HANLON-LONGWOOD,-76.665171179756,39.321187303811,,STREET,,1
246,2020-02-23,15:46:00,1A,1500 MAY CT,HOMICIDE,Outside,FIREARM,212.0,SOUTHEAST,DUNBAR-BROADWAY,-76.597275148961,39.294393347735,,PUBLIC HOUSING,,1
247,2020-02-23,10:42:00,1A,1300 SARGEANT ST,HOMICIDE,Outside,FIREARM,932.0,SOUTHERN,WASHINGTON VILLAGE,-76.63595211146,39.281032290162,,ALLEY,,1
248,2020-02-19,23:19:00,1A,800 SHOWELL CT,HOMICIDE,Outside,FIREARM,313.0,EASTERN,JOHNSTON SQUARE,-76.606001626212,39.304152670046,,STREET,,1
249,2020-02-16,09:00:00,1A,400 E 21ST ST,HOMICIDE,Outside,FIREARM,311.0,EASTERN,BARCLAY,-76.610999671179,39.313535994924,,STREET,,1
250,2020-02-13,17:56:00,1A,1300 WESTERN AV,HOMICIDE,Outside,FIREARM,941.0,SOUTHERN,CARROLL - CAMDEN INDUSTRIAL AREA,-76.644605958243,39.271426288525,,PARKING LOT,,1
251,2020-02-12,16:16:00,1A,600 WYANOKE AVE,HOMICIDE,Outside,FIREARM,525.0,NORTHERN,PEN LUCY,-76.607308572263,39.337389949441,,STREET,,1
252,2020-02-10,12:57:00,1K,6400 WALTHER AV,HOMICIDE,Inside,KNIFE,425.0,NORTHEAST,ROSEMONT EAST,-76.541539848797,39.356092530639,,DWELLING,,1
253,2020-02-10,19:45:00,1K,2500 CECIL AV,HOMICIDE,Inside,KNIFE,411.0,NORTHEAST,COLDSTREAM HOMESTEAD MONTEBELLO,-76.599415895615,39.31948031086,,DWELLING,,1
254,2020-02-10,02:21:00,1A,400 E BALTIMORE ST,HOMICIDE,Outside,FIREARM,111.0,CENTRAL,DOWNTOWN,-76.610147830682,39.289801814476,,STREET,,1
255,2020-02-10,15:34:00,1A,800 BETHUNE RD,HOMICIDE,Outside,FIREARM,922.0,SOUTHERN,CHERRY HILL,-76.620919814622,39.24532143722,,STREET,,1
256,2020-02-10,15:34:00,1A,800 BETHUNE RD,HOMICIDE,Outside,FIREARM,922.0,SOUTHERN,CHERRY HILL,-76.620919814622,39.24532143722,,STREET,,1
257,2020-02-10,13:06:00,1A,800 W LEXINGTON ST,HOMICIDE,Outside,FIREARM,712.0,WESTERN,POPPLETON,-76.630145299513,39.291181108861,,STREET,,1
258,2020-02-09,10:30:00,1A,900 COPPIN CT,HOMICIDE,Outside,FIREARM,922.0,SOUTHERN,CHERRY HILL,-76.624359301267,39.245428801267,,PARKING LOT,,1
259,2020-02-07,16:41:00,1A,1700 W LANVALE ST,HOMICIDE,Outside,FIREARM,713.0,WESTERN,HARLEM PARK,-76.644368197149,39.2977349358,,VEHICLE,,1
260,2020-02-07,17:12:00,1A,300 MASON CT,HOMICIDE,Outside,FIREARM,211.0,SOUTHEAST,PERKINS HOMES,-76.595898385554,39.287444614446,,STREET,,1
261,2020-02-07,13:13:00,1A,1300 W FRANKLIN ST,HOMICIDE,Outside,FIREARM,713.0,WESTERN,HARLEM PARK,-76.638514133488,39.29424244835,,STREET,Central,1
262,2020-02-05,12:56:00,1A,2900 GRINDON AV,HOMICIDE,Outside,FIREARM,421.0,NORTHEAST,LAURAVILLE,-76.571938426162,39.342624611372,,STREET,,1
263,2020-02-03,13:25:00,1A,500 S BENTALOU ST,HOMICIDE,Outside,FIREARM,834.0,SOUTHWEST,CARROLLTON RIDGE,-76.652572339075,39.281353517261,,STREET,Tri-District,1
264,2020-02-02,02:55:00,1A,2200 W SARATOGA ST,HOMICIDE,Outside,FIREARM,714.0,WESTERN,PENROSE/FAYETTE STREET OUTREACH,-76.651748293714,39.29190281765,,VEHICLE,,1
265,2020-01-30,14:14:00,1A,100 N SMALLWOOD ST,HOMICIDE,Outside,FIREARM,714.0,WESTERN,PENROSE/FAYETTE STREET OUTREACH,-76.651616017249,39.289680147012,,STREET,,1
266,2020-01-30,22:10:00,1A,300 S SPRING ST,HOMICIDE,Inside,FIREARM,211.0,SOUTHEAST,FELLS POINT,-76.597657225433,39.286269158622,,DWELLING,,1
267,2020-01-28,16:48:00,1A,3900 W BELVEDERE AV,HOMICIDE,Outside,FIREARM,633.0,NORTHWEST,ARLINGTON,-76.682047234844,39.34472954866,,STREET,Northwestern,1
268,2020-01-26,13:30:00,1A,2000 BRYANT AV,HOMICIDE,Outside,FIREARM,731.0,WESTERN,MONDAWMIN,-76.651588581046,39.315072276738,,STREET,Western,1
269,2020-01-23,21:27:00,1A,3600 BRENDAN AV,HOMICIDE,Outside,FIREARM,432.0,NORTHEAST,BELAIR-EDISON,-76.567283453926,39.318146635951,,STREET,,1
270,2020-01-21,21:30:00,1A,2800 SAINT LO DR,HOMICIDE,Outside,FIREARM,431.0,NORTHEAST,CLIFTON PARK,-76.587107614756,39.318824845471,,PARKING LOT,,1
271,2020-01-21,12:02:00,1A,1200 N BENTALOU ST,HOMICIDE,Outside,FIREARM,723.0,WESTERN,BRIDGEVIEW/GREENLAWN,-76.653691389909,39.301793204587,,STREET,,1
272,2020-01-21,12:02:00,1A,1200 N BENTALOU ST,HOMICIDE,Outside,FIREARM,723.0,WESTERN,BRIDGEVIEW/GREENLAWN,-76.653691389909,39.301793204587,,STREET,,1
273,2020-01-18,11:32:00,1A,1800 HOLLINS ST,HOMICIDE,Outside,FIREARM,934.0,SOUTHERN,FRANKLIN SQUARE,-76.645249210763,39.287427888684,,STREET,Tri-District,1
274,2020-01-18,21:48:00,1A,1400 N MONTFORD AV,HOMICIDE,Outside,FIREARM,331.0,EASTERN,BROADWAY EAST,-76.584284869528,39.3068813909,,VEHICLE,,1
275,2020-01-17,02:06:00,1A,3600 KENYON AV,HOMICIDE,Outside,FIREARM,432.0,NORTHEAST,BELAIR-EDISON,-76.562826637749,39.319594136733,,STREET,,1
276,2020-01-15,15:47:00,1A,2800 EDMONDSON AV,HOMICIDE,Outside,FIREARM,721.0,WESTERN,MOSHER,-76.663044927981,39.294555965043,,STREET,,1
277,2020-01-15,12:36:00,1A,200 W BALTIMORE ST,HOMICIDE,Outside,FIREARM,114.0,CENTRAL,DOWNTOWN,-76.617843482388,39.28950567209,,STREET,,1
278,2020-01-14,18:22:00,1A,1100 E BELVEDERE AV,HOMICIDE,Outside,FIREARM,522.0,NORTHERN,GLEN OAKS,-76.596416574744,39.36036730212,,STREET,,1
279,2020-01-14,00:00:00,1A,1400 E FAYETTE ST,HOMICIDE,Outside,FIREARM,212.0,SOUTHEAST,DUNBAR-BROADWAY,-76.598504070964,39.292983805305,,PUBLIC AREA,,1
280,2020-01-11,20:25:00,1A,3400 CLIFTMONT AV,HOMICIDE,Outside,FIREARM,432.0,NORTHEAST,BELAIR-EDISON,-76.567623083808,39.319146008387,,STREET,Northeastern,1
281,2020-01-11,02:31:00,1A,800 N Patterson Park Av,HOMICIDE,Outside,FIREARM,321.0,EASTERN,MIDDLE EAST,-76.585256030643,39.299840174672,,VEHICLE,Eastern 2,1
282,2020-01-11,22:30:00,1A,100 N KOSSUTH ST,HOMICIDE,Outside,FIREARM,835.0,SOUTHWEST,SAINT JOSEPHS,-76.673671000196,39.288494712634,,STREET,,1
283,2020-01-11,14:30:00,1A,1400 BROENING HWY,HOMICIDE,Outside,FIREARM,231.0,SOUTHEAST,MEDFORD,-76.543776235882,39.277811565731,,STREET,,1
284,2020-01-11,22:46:00,1A,1800 BLOOMINGDALE RD,HOMICIDE,Outside,FIREARM,813.0,SOUTHWEST,ROSEMONT,-76.669733449522,39.307955684091,,ALLEY,,1
285,2020-01-09,22:16:00,1A,4600 HARCOURT RD,HOMICIDE,Outside,FIREARM,426.0,NORTHEAST,MORAVIA-WALTHER,-76.564601721182,39.338528720814,,STREET,,1
286,2020-01-07,20:58:00,1A,300 S BENTALOU ST,HOMICIDE,Outside,FIREARM,834.0,SOUTHWEST,MILLHILL,-76.652709622813,39.283965181879,,STREET,Tri-District,1
287,2020-01-06,16:50:00,1O,800 WILBERT AV,HOMICIDE,Inside,OTHER,524.0,NORTHERN,WILSON PARK,-76.604192399474,39.344993592251,,DWELLING,,1
288,2020-01-05,20:41:00,1A,1400 MOUNTMOR CT,HOMICIDE,Inside,FIREARM,734.0,WESTERN,SANDTOWN-WINCHESTER,-76.644440032562,39.304574302907,,DWELLING,,1
289,2020-01-02,17:56:00,1A,3400 DUVALL AV,HOMICIDE,Outside,FIREARM,624.0,NORTHWEST,HANLON-LONGWOOD,-76.674870606228,39.320395401339,,STREET,,1
290,2020-01-02,02:26:00,1K,3500 CHESTERFIELD AV,HOMICIDE,Inside,KNIFE,432.0,NORTHEAST,BELAIR-EDISON,-76.564244948103,39.320673221208,,DWELLING,Northeastern,1
